04.tex	80	\ipa{[t]}	\UIPA{[t]}
04.tex	80	\ipa{[d]}	\UIPA{[d]}
04.tex	87	\ipa{[fE5"PaXtn]}	\UIPA{[fɛɐˈʔaχtn]}
04.tex	87	\ipa{[fE"\;RaXtn]}	\UIPA{[fɛˈʀaχtn]}
04.tex	87	\ipa{[ve"\;Randa]}	\UIPA{[veˈʀanda]}
04.tex	89	\ipa{[e:]}	\UIPA{[eː]}
04.tex	89	\ipa{[\ae :]}	\UIPA{[æː]}
04.tex	91	\ipa{[r]}	\UIPA{[r]}
04.tex	91	\ipa{[r]}	\UIPA{[r]}
04.tex	91	\ipa{[R]}	\UIPA{[ɾ]}
04.tex	91	\ipa{[\:R]}	\UIPA{[ɻ]}
04.tex	91	\ipa{[K]}	\UIPA{[ʁ]}
04.tex	91	\ipa{[\;R]}	\UIPA{[ʀ]}
04.tex	97	\ipa{[s]}	\UIPA{[s]}
04.tex	97	\ipa{[z]}	\UIPA{[z]}
04.tex	110	\ipa{[an:o]}	\UIPA{[anːo]}
04.tex	110	\ipa{[\~A]}	\UIPA{[̃ɑ]}
04.tex	120	\ipa{\_}	\UIPA{_}
04.tex	120	\ipa{A\ }	\UIPA{ɑ\ }
04.tex	120	\ipa{}	\UIPA{}
04.tex	121	\ipa{-}	\UIPA{-}
04.tex	121	\ipa{\super P\ P\ \super G\ ’\ \super Q\ Q\ }	\UIPA{ˀ\ ʔ\ ˠ\ ʼ\ ˤ\ ʕ\ }
04.tex	121	\ipa{\super h\ \:z\ \super j\ 7\ \;H\ }	\UIPA{ʰ\ ʐ\ ʲ\ ɤ\ ʜ\ }
04.tex	122	\ipa{m}	\UIPA{m}
04.tex	122	\ipa{\~{}\ }	\UIPA{̃\ }
04.tex	122	\ipa{}	\UIPA{}
04.tex	123	\ipa{M}	\UIPA{ɱ}
04.tex	123	\ipa{\~{}\ }	\UIPA{̃\ }
04.tex	123	\ipa{n\ }	\UIPA{n\ }
04.tex	124	\ipa{n}	\UIPA{n}
04.tex	124	\ipa{\textltailn \ \~{}\ \:n\ N\ M\ }	\UIPA{ɲ\ ̃\ ɳ\ ŋ\ ɱ\ }
04.tex	124	\ipa{}	\UIPA{}
04.tex	125	\ipa{\:n}	\UIPA{ɳ}
04.tex	125	\ipa{n\ }	\UIPA{n\ }
04.tex	125	\ipa{}	\UIPA{}
04.tex	126	\ipa{\textltailn }	\UIPA{ɲ}
04.tex	126	\ipa{n\ }	\UIPA{n\ }
04.tex	126	\ipa{}	\UIPA{}
04.tex	127	\ipa{N}	\UIPA{ŋ}
04.tex	127	\ipa{\~{}\ }	\UIPA{̃\ }
04.tex	127	\ipa{n\ g\ }	\UIPA{n\ ɡ\ }
04.tex	128	\ipa{\;N}	\UIPA{ɴ}
04.tex	128	\ipa{}	\UIPA{}
04.tex	129	\ipa{p}	\UIPA{p}
04.tex	129	\ipa{\t{pf}\ }	\UIPA{p͡f\ }
04.tex	129	\ipa{b\ B\ }	\UIPA{b\ β\ }
04.tex	130	\ipa{b}	\UIPA{b}
04.tex	130	\ipa{B\ }	\UIPA{β\ }
04.tex	130	\ipa{p\ w\ V\ }	\UIPA{p\ w\ ʋ\ }
04.tex	131	\ipa{t}	\UIPA{t}
04.tex	131	\ipa{\:t\ c\ T\ D\ }	\UIPA{ʈ\ c\ θ\ ð\ }
04.tex	131	\ipa{d\ \t{tC}\ \t{ts}\ }	\UIPA{d\ t͡ɕ\ t͡s\ }
04.tex	132	\ipa{d}	\UIPA{d}
04.tex	132	\ipa{\textbardotlessj \ D\ \:d\ T\ }	\UIPA{ɟ\ ð\ ɖ\ θ\ }
04.tex	132	\ipa{t\ }	\UIPA{t\ }
04.tex	133	\ipa{\:t}	\UIPA{ʈ}
04.tex	133	\ipa{\:d\ t\ }	\UIPA{ɖ\ t\ }
04.tex	133	\ipa{}	\UIPA{}
04.tex	134	\ipa{\:d}	\UIPA{ɖ}
04.tex	134	\ipa{\:t\ d\ }	\UIPA{ʈ\ d\ }
04.tex	134	\ipa{\:R\ }	\UIPA{ɻ\ }
04.tex	135	\ipa{c}	\UIPA{c}
04.tex	135	\ipa{\t{tC}\ \t{tS}\ t\ S\ }	\UIPA{t͡ɕ\ t͡ʃ\ t\ ʃ\ }
04.tex	135	\ipa{k\ \t{ts}\ \c{c}\ \t{t\:s}\ }	\UIPA{k\ t͡s\ ç\ t͡ʂ\ }
04.tex	136	\ipa{\textbardotlessj }	\UIPA{ɟ}
04.tex	136	\ipa{d\ }	\UIPA{d\ }
04.tex	136	\ipa{g\ \t{dZ}\ j\ -\ }	\UIPA{ɡ\ d͡ʒ\ j\ -\ }
04.tex	137	\ipa{k}	\UIPA{k}
04.tex	137	\ipa{\t{c\c{c}}\ \c{c}\ q\ \;G\ }	\UIPA{c͡ç\ ç\ q\ ɢ\ }
04.tex	137	\ipa{x\ g\ X\ }	\UIPA{x\ ɡ\ χ\ }
04.tex	138	\ipa{g}	\UIPA{ɡ}
04.tex	138	\ipa{G\ H\ \;G\ Q\ \t{\textbardotlessj J}\ \c{c}\ \t{dz}\ h\ }	\UIPA{ɣ\ ɦ\ ɢ\ ʕ\ ɟ͡ʝ\ ç\ d͡z\ h\ }
04.tex	138	\ipa{K\ \textbardotlessj \ k\ N\ \textcrh \ }	\UIPA{ʁ\ ɟ\ k\ ŋ\ ħ\ }
04.tex	139	\ipa{q}	\UIPA{q}
04.tex	139	\ipa{\t{qX}\ X\ G\ \;G\ x\ k\ K\ }	\UIPA{q͡χ\ χ\ ɣ\ ɢ\ x\ k\ ʁ\ }
04.tex	139	\ipa{}	\UIPA{}
04.tex	140	\ipa{\;G}	\UIPA{ɢ}
04.tex	140	\ipa{\textcrh \ g\ q\ k\ x\ }	\UIPA{ħ\ ɡ\ q\ k\ x\ }
04.tex	140	\ipa{}	\UIPA{}
04.tex	141	\ipa{P}	\UIPA{ʔ}
04.tex	141	\ipa{Q\ \super j\ -\ }	\UIPA{ʕ\ ʲ\ -\ }
04.tex	141	\ipa{i\ 6\ }	\UIPA{i\ ɒ\ }
04.tex	142	\ipa{\t{ts}}	\UIPA{t͡s}
04.tex	142	\ipa{\t{tS}\ T\ \t{tC}\ s\ }	\UIPA{t͡ʃ\ θ\ t͡ɕ\ s\ }
04.tex	142	\ipa{z\ }	\UIPA{z\ }
04.tex	143	\ipa{\t{dz}}	\UIPA{d͡z}
04.tex	143	\ipa{z\ -\ }	\UIPA{z\ -\ }
04.tex	143	\ipa{g\ \t{dZ}\ }	\UIPA{ɡ\ d͡ʒ\ }
04.tex	144	\ipa{\t{tS}}	\UIPA{t͡ʃ}
04.tex	144	\ipa{\t{t\:s}\ \t{tC}\ \t{ts}\ T\ c\ C\ S\ \t{dZ}\ }	\UIPA{t͡ʂ\ t͡ɕ\ t͡s\ θ\ c\ ɕ\ ʃ\ d͡ʒ\ }
04.tex	144	\ipa{}	\UIPA{}
04.tex	145	\ipa{\t{dZ}}	\UIPA{d͡ʒ}
04.tex	145	\ipa{Z\ \t{d\textctz}\ j\ \t{tS}\ z\ G\ }	\UIPA{ʒ\ d͡ʑ\ j\ t͡ʃ\ z\ ɣ\ }
04.tex	145	\ipa{\t{dz}\ \textbardotlessj \ d\ }	\UIPA{d͡z\ ɟ\ d\ }
04.tex	146	\ipa{\t{t\:s}}	\UIPA{t͡ʂ}
04.tex	146	\ipa{\t{tS}\ S\ }	\UIPA{t͡ʃ\ ʃ\ }
04.tex	146	\ipa{c\ }	\UIPA{c\ }
04.tex	147	\ipa{\t{tC}}	\UIPA{t͡ɕ}
04.tex	147	\ipa{\t{tS}\ c\ \t{ts}\ S\ C\ }	\UIPA{t͡ʃ\ c\ t͡s\ ʃ\ ɕ\ }
04.tex	147	\ipa{t\ s\ }	\UIPA{t\ s\ }
04.tex	148	\ipa{\t{d\textctz}}	\UIPA{d͡ʑ}
04.tex	148	\ipa{\t{dZ}\ j\ Z\ }	\UIPA{d͡ʒ\ j\ ʒ\ }
04.tex	148	\ipa{}	\UIPA{}
04.tex	149	\ipa{\t{pf}}	\UIPA{p͡f}
04.tex	149	\ipa{p\ }	\UIPA{p\ }
04.tex	149	\ipa{}	\UIPA{}
04.tex	150	\ipa{\t{c\c{c}}}	\UIPA{c͡ç}
04.tex	150	\ipa{k\ }	\UIPA{k\ }
04.tex	150	\ipa{}	\UIPA{}
04.tex	151	\ipa{\t{\textbardotlessj J}}	\UIPA{ɟ͡ʝ}
04.tex	151	\ipa{g\ }	\UIPA{ɡ\ }
04.tex	151	\ipa{}	\UIPA{}
04.tex	152	\ipa{\t{qX}}	\UIPA{q͡χ}
04.tex	152	\ipa{q\ X\ }	\UIPA{q\ χ\ }
04.tex	152	\ipa{K\ }	\UIPA{ʁ\ }
04.tex	153	\ipa{s}	\UIPA{s}
04.tex	153	\ipa{T\ C\ S\ \t{ts}\ z\ }	\UIPA{θ\ ɕ\ ʃ\ t͡s\ z\ }
04.tex	153	\ipa{\:s\ }	\UIPA{ʂ\ }
04.tex	154	\ipa{z}	\UIPA{z}
04.tex	154	\ipa{\textctz \ Z\ \t{dz}\ D\ \t{ts}\ }	\UIPA{ʑ\ ʒ\ d͡z\ ð\ t͡s\ }
04.tex	154	\ipa{s\ \t{dZ}\ }	\UIPA{s\ d͡ʒ\ }
04.tex	155	\ipa{S}	\UIPA{ʃ}
04.tex	155	\ipa{\:s\ C\ \t{tC}\ \t{tS}\ s\ Z\ \t{t\:s}\ }	\UIPA{ʂ\ ɕ\ t͡ɕ\ t͡ʃ\ s\ ʒ\ t͡ʂ\ }
04.tex	155	\ipa{T\ }	\UIPA{θ\ }
04.tex	156	\ipa{Z}	\UIPA{ʒ}
04.tex	156	\ipa{\t{dZ}\ z\ \t{d\textctz}\ S\ }	\UIPA{d͡ʒ\ z\ d͡ʑ\ ʃ\ }
04.tex	156	\ipa{G\ \textctz \ j\ r\ }	\UIPA{ɣ\ ʑ\ j\ r\ }
04.tex	157	\ipa{\:s}	\UIPA{ʂ}
04.tex	157	\ipa{S\ }	\UIPA{ʃ\ }
04.tex	157	\ipa{s\ }	\UIPA{s\ }
04.tex	158	\ipa{\:z}	\UIPA{ʐ}
04.tex	158	\ipa{-\ }	\UIPA{-\ }
04.tex	159	\ipa{C}	\UIPA{ɕ}
04.tex	159	\ipa{S\ s\ \t{tS}\ \t{tC}\ \super j\ }	\UIPA{ʃ\ s\ t͡ʃ\ t͡ɕ\ ʲ\ }
04.tex	159	\ipa{}	\UIPA{}
04.tex	160	\ipa{\textctz }	\UIPA{ʑ}
04.tex	160	\ipa{z\ }	\UIPA{z\ }
04.tex	160	\ipa{\super j\ }	\UIPA{ʲ\ }
04.tex	161	\ipa{F}	\UIPA{ɸ}
04.tex	161	\ipa{f\ }	\UIPA{f\ }
04.tex	161	\ipa{}	\UIPA{}
04.tex	162	\ipa{B}	\UIPA{β}
04.tex	162	\ipa{v\ w\ b\ V\ }	\UIPA{v\ w\ b\ ʋ\ }
04.tex	162	\ipa{\super w\ }	\UIPA{ʷ\ }
04.tex	172	\ipa{f}	\UIPA{f}
04.tex	172	\ipa{F\ }	\UIPA{ɸ\ }
04.tex	172	\ipa{v\ }	\UIPA{v\ }
04.tex	173	\ipa{v}	\UIPA{v}
04.tex	173	\ipa{V\ B\ w\ \super w\ }	\UIPA{ʋ\ β\ w\ ʷ\ }
04.tex	173	\ipa{f\ 0\ }	\UIPA{f\ ʉ\ }
04.tex	174	\ipa{V}	\UIPA{ʋ}
04.tex	174	\ipa{v\ w\ B\ }	\UIPA{v\ w\ β\ }
04.tex	174	\ipa{b\ }	\UIPA{b\ }
04.tex	175	\ipa{T}	\UIPA{θ}
04.tex	175	\ipa{\t{ts}\ \t{tS}\ s\ t\ d\ }	\UIPA{t͡s\ t͡ʃ\ s\ t\ d\ }
04.tex	175	\ipa{S\ }	\UIPA{ʃ\ }
04.tex	176	\ipa{D}	\UIPA{ð}
04.tex	176	\ipa{d\ z\ t\ }	\UIPA{d\ z\ t\ }
04.tex	176	\ipa{\:d\ }	\UIPA{ɖ\ }
04.tex	177	\ipa{\*r}	\UIPA{ɹ}
04.tex	177	\ipa{r\ }	\UIPA{r\ }
04.tex	177	\ipa{R\ }	\UIPA{ɾ\ }
04.tex	178	\ipa{\:R}	\UIPA{ɻ}
04.tex	178	\ipa{}	\UIPA{}
04.tex	179	\ipa{\c{c}}	\UIPA{ç}
04.tex	179	\ipa{k\ x\ g\ }	\UIPA{k\ x\ ɡ\ }
04.tex	179	\ipa{-\ }	\UIPA{-\ }
04.tex	180	\ipa{J}	\UIPA{ʝ}
04.tex	180	\ipa{j\ }	\UIPA{j\ }
04.tex	180	\ipa{-\ }	\UIPA{-\ }
04.tex	181	\ipa{j}	\UIPA{j}
04.tex	181	\ipa{J\ \t{d\textctz}\ \t{dZ}\ \super j\ }	\UIPA{ʝ\ d͡ʑ\ d͡ʒ\ ʲ\ }
04.tex	181	\ipa{I\ Z\ i\ }	\UIPA{ɪ\ ʒ\ i\ }
04.tex	182	\ipa{x}	\UIPA{x}
04.tex	182	\ipa{X\ q\ h\ \textcrh \ \c{c}\ \;G\ }	\UIPA{χ\ q\ h\ ħ\ ç\ ɢ\ }
04.tex	182	\ipa{k\ \super P\ G\ }	\UIPA{k\ ˀ\ ɣ\ }
04.tex	183	\ipa{G}	\UIPA{ɣ}
04.tex	183	\ipa{g\ q\ K\ }	\UIPA{ɡ\ q\ ʁ\ }
04.tex	183	\ipa{Z\ X\ H\ \t{dZ}\ }	\UIPA{ʒ\ χ\ ɦ\ d͡ʒ\ }
04.tex	184	\ipa{X}	\UIPA{χ}
04.tex	184	\ipa{x\ \textcrh \ q\ h\ }	\UIPA{x\ ħ\ q\ h\ }
04.tex	184	\ipa{-\ K\ G\ k\ }	\UIPA{-\ ʁ\ ɣ\ k\ }
04.tex	185	\ipa{K}	\UIPA{ʁ}
04.tex	185	\ipa{G\ r\ \;R\ R\ q\ 5\ X\ }	\UIPA{ɣ\ r\ ʀ\ ɾ\ q\ ɐ\ χ\ }
04.tex	185	\ipa{g\ \t{qX}\ }	\UIPA{ɡ\ q͡χ\ }
04.tex	186	\ipa{\textcrh }	\UIPA{ħ}
04.tex	186	\ipa{h\ X\ \;G\ x\ }	\UIPA{h\ χ\ ɢ\ x\ }
04.tex	186	\ipa{Z\ }	\UIPA{ʒ\ }
04.tex	187	\ipa{Q}	\UIPA{ʕ}
04.tex	187	\ipa{P\ -\ g\ }	\UIPA{ʔ\ -\ ɡ\ }
04.tex	187	\ipa{}	\UIPA{}
04.tex	188	\ipa{h}	\UIPA{h}
04.tex	188	\ipa{H\ \textcrh \ x\ X\ g\ }	\UIPA{ɦ\ ħ\ x\ χ\ ɡ\ }
04.tex	188	\ipa{\super h\ \c{c}\ -\ }	\UIPA{ʰ\ ç\ -\ }
04.tex	189	\ipa{H}	\UIPA{ɦ}
04.tex	189	\ipa{h\ g\ }	\UIPA{h\ ɡ\ }
04.tex	189	\ipa{\super h\ G\ }	\UIPA{ʰ\ ɣ\ }
04.tex	190	\ipa{R}	\UIPA{ɾ}
04.tex	190	\ipa{r\ K\ \;R\ }	\UIPA{r\ ʁ\ ʀ\ }
04.tex	190	\ipa{\*r\ }	\UIPA{ɹ\ }
04.tex	191	\ipa{\:r}	\UIPA{ɽ}
04.tex	191	\ipa{r\ }	\UIPA{r\ }
04.tex	192	\ipa{r}	\UIPA{r}
04.tex	192	\ipa{\*r\ \;R\ R\ K\ 3\ \:r\ }	\UIPA{ɹ\ ʀ\ ɾ\ ʁ\ ɜ\ ɽ\ }
04.tex	192	\ipa{Z\ 5\ }	\UIPA{ʒ\ ɐ\ }
04.tex	193	\ipa{\;R}	\UIPA{ʀ}
04.tex	193	\ipa{r\ K\ R\ }	\UIPA{r\ ʁ\ ɾ\ }
04.tex	193	\ipa{}	\UIPA{}
04.tex	194	\ipa{\;H}	\UIPA{ʜ}
04.tex	194	\ipa{a\ }	\UIPA{a\ }
04.tex	194	\ipa{}	\UIPA{}
04.tex	195	\ipa{\t{t\textbeltl}}	\UIPA{t͡ɬ}
04.tex	195	\ipa{-\ }	\UIPA{-\ }
04.tex	196	\ipa{\textbeltl }	\UIPA{ɬ}
04.tex	196	\ipa{l\ L\ \textsuperimposetilde{l}\ }	\UIPA{l\ ʎ\ ɫ\ }
04.tex	196	\ipa{-\ }	\UIPA{-\ }
04.tex	197	\ipa{\textlyoghlig }	\UIPA{ɮ}
04.tex	197	\ipa{l\ }	\UIPA{l\ }
04.tex	197	\ipa{}	\UIPA{}
04.tex	198	\ipa{l}	\UIPA{l}
04.tex	198	\ipa{L\ \textsuperimposetilde{l}\ \textbeltl \ \textlyoghlig \ }	\UIPA{ʎ\ ɫ\ ɬ\ ɮ\ }
04.tex	198	\ipa{\:l\ }	\UIPA{ɭ\ }
04.tex	199	\ipa{\:l}	\UIPA{ɭ}
04.tex	199	\ipa{l\ }	\UIPA{l\ }
04.tex	200	\ipa{L}	\UIPA{ʎ}
04.tex	200	\ipa{l\ \textbeltl \ \textsuperimposetilde{l}\ \super j\ }	\UIPA{l\ ɬ\ ɫ\ ʲ\ }
04.tex	200	\ipa{\textlyoghlig \ }	\UIPA{ɮ\ }
04.tex	201	\ipa{w}	\UIPA{w}
04.tex	201	\ipa{B\ v\ V\ \textsuperimposetilde{l}\ 0\ u\ }	\UIPA{β\ v\ ʋ\ ɫ\ ʉ\ u\ }
04.tex	201	\ipa{U\ \super G\ 4\ b\ Y\ \super w\ X\ o\ }	\UIPA{ʊ\ ˠ\ ɥ\ b\ ʏ\ ʷ\ χ\ o\ }
04.tex	202	\ipa{4}	\UIPA{ɥ}
04.tex	202	\ipa{u\ y\ }	\UIPA{u\ y\ }
04.tex	202	\ipa{w\ Y\ }	\UIPA{w\ ʏ\ }
04.tex	203	\ipa{\textsuperimposetilde{l}}	\UIPA{ɫ}
04.tex	203	\ipa{l\ L\ w\ \textbeltl \ }	\UIPA{l\ ʎ\ w\ ɬ\ }
04.tex	203	\ipa{}	\UIPA{}
04.tex	204	\ipa{i}	\UIPA{i}
04.tex	204	\ipa{9\ I\ \super j\ 1\ W\ e\ }	\UIPA{ɘ\ ɪ\ ʲ\ ɨ\ ɯ\ e\ }
04.tex	204	\ipa{P\ j\ -\ 7\ E\ }	\UIPA{ʔ\ j\ -\ ɤ\ ɛ\ }
04.tex	205	\ipa{y}	\UIPA{y}
04.tex	205	\ipa{Y\ \o \ \oe \ 0\ 8\ W\ u\ 9\ U\ 4\ }	\UIPA{ʏ\ ø\ œ\ ʉ\ ɵ\ ɯ\ u\ ɘ\ ʊ\ ɥ\ }
04.tex	205	\ipa{o\ }	\UIPA{o\ }
04.tex	206	\ipa{I}	\UIPA{ɪ}
04.tex	206	\ipa{i\ e\ E\ }	\UIPA{i\ e\ ɛ\ }
04.tex	206	\ipa{Y\ \oe \ j\ \super j\ 1\ @\ \o \ 8\ -\ }	\UIPA{ʏ\ œ\ j\ ʲ\ ɨ\ ə\ ø\ ɵ\ -\ }
04.tex	207	\ipa{Y}	\UIPA{ʏ}
04.tex	207	\ipa{y\ \o \ 8\ 0\ \ae \ I\ }	\UIPA{y\ ø\ ɵ\ ʉ\ æ\ ɪ\ }
04.tex	207	\ipa{U\ 4\ \oe \ @\ }	\UIPA{ʊ\ ɥ\ œ\ ə\ }
04.tex	208	\ipa{1}	\UIPA{ɨ}
04.tex	208	\ipa{7\ i\ \oe \ I\ }	\UIPA{ɤ\ i\ œ\ ɪ\ }
04.tex	208	\ipa{-\ u\ @\ }	\UIPA{-\ u\ ə\ }
04.tex	209	\ipa{0}	\UIPA{ʉ}
04.tex	209	\ipa{y\ \o \ u\ 8\ U\ \oe \ w\ Y\ o\ }	\UIPA{y\ ø\ u\ ɵ\ ʊ\ œ\ w\ ʏ\ o\ }
04.tex	209	\ipa{6\ B\ v\ }	\UIPA{ɒ\ β\ v\ }
04.tex	210	\ipa{U}	\UIPA{ʊ}
04.tex	210	\ipa{u\ 0\ 8\ y\ \o \ \oe \ Y\ w\ }	\UIPA{u\ ʉ\ ɵ\ y\ ø\ œ\ ʏ\ w\ }
04.tex	210	\ipa{5\ O\ o\ A\ 2\ -\ }	\UIPA{ɐ\ ɔ\ o\ ɑ\ ʌ\ -\ }
04.tex	211	\ipa{W}	\UIPA{ɯ}
04.tex	211	\ipa{7\ y\ @\ \o \ 9\ -\ u\ }	\UIPA{ɤ\ y\ ə\ ø\ ɘ\ -\ u\ }
04.tex	211	\ipa{i\ 6\ e\ }	\UIPA{i\ ɒ\ e\ }
04.tex	212	\ipa{u}	\UIPA{u}
04.tex	212	\ipa{0\ U\ 8\ y\ o\ 4\ 7\ w\ W\ }	\UIPA{ʉ\ ʊ\ ɵ\ y\ o\ ɥ\ ɤ\ w\ ɯ\ }
04.tex	212	\ipa{\o \ 2\ \oe \ B\ }	\UIPA{ø\ ʌ\ œ\ β\ }
04.tex	222	\ipa{e}	\UIPA{e}
04.tex	222	\ipa{E\ I\ 9\ @\ \ae \ i\ }	\UIPA{ɛ\ ɪ\ ɘ\ ə\ æ\ i\ }
04.tex	222	\ipa{W\ P\ \super j\ }	\UIPA{ɯ\ ʔ\ ʲ\ }
04.tex	223	\ipa{\o }	\UIPA{ø}
04.tex	223	\ipa{\oe \ y\ 0\ Y\ W\ U\ o\ 9\ }	\UIPA{œ\ y\ ʉ\ ʏ\ ɯ\ ʊ\ o\ ɘ\ }
04.tex	223	\ipa{8\ I\ u\ }	\UIPA{ɵ\ ɪ\ u\ }
04.tex	224	\ipa{9}	\UIPA{ɘ}
04.tex	224	\ipa{i\ e\ y\ E\ W\ \o \ }	\UIPA{i\ e\ y\ ɛ\ ɯ\ ø\ }
04.tex	224	\ipa{-\ \oe \ }	\UIPA{-\ œ\ }
04.tex	225	\ipa{8}	\UIPA{ɵ}
04.tex	225	\ipa{\oe \ y\ 0\ Y\ u\ U\ O\ E\ }	\UIPA{œ\ y\ ʉ\ ʏ\ u\ ʊ\ ɔ\ ɛ\ }
04.tex	225	\ipa{\o \ I\ }	\UIPA{ø\ ɪ\ }
04.tex	226	\ipa{7}	\UIPA{ɤ}
04.tex	226	\ipa{W\ @\ 1\ O\ u\ -\ }	\UIPA{ɯ\ ə\ ɨ\ ɔ\ u\ -\ }
04.tex	226	\ipa{E\ o\ }	\UIPA{ɛ\ o\ }
04.tex	227	\ipa{o}	\UIPA{o}
04.tex	227	\ipa{O\ \super w\ u\ \o \ 6\ 5\ 0\ }	\UIPA{ɔ\ ʷ\ u\ ø\ ɒ\ ɐ\ ʉ\ }
04.tex	227	\ipa{@\ U\ w\ \super G\ 2\ y\ \oe \ 7\ }	\UIPA{ə\ ʊ\ w\ ˠ\ ʌ\ y\ œ\ ɤ\ }
04.tex	228	\ipa{@}	\UIPA{ə}
04.tex	228	\ipa{2\ 7\ W\ e\ a\ o\ }	\UIPA{ʌ\ ɤ\ ɯ\ e\ a\ o\ }
04.tex	228	\ipa{-\ O\ I\ \super G\ 5\ E\ Y\ A\ }	\UIPA{-\ ɔ\ ɪ\ ˠ\ ɐ\ ɛ\ ʏ\ ɑ\ }
04.tex	229	\ipa{E}	\UIPA{ɛ}
04.tex	229	\ipa{e\ I\ 9\ \ae \ 3\ 8\ }	\UIPA{e\ ɪ\ ɘ\ æ\ ɜ\ ɵ\ }
04.tex	229	\ipa{5\ 7\ i\ @\ }	\UIPA{ɐ\ ɤ\ i\ ə\ }
04.tex	230	\ipa{\oe }	\UIPA{œ}
04.tex	230	\ipa{\o \ y\ 8\ 0\ U\ }	\UIPA{ø\ y\ ɵ\ ʉ\ ʊ\ }
04.tex	230	\ipa{1\ I\ 9\ O\ o\ Y\ u\ }	\UIPA{ɨ\ ɪ\ ɘ\ ɔ\ o\ ʏ\ u\ }
04.tex	231	\ipa{3}	\UIPA{ɜ}
04.tex	231	\ipa{r\ E\ }	\UIPA{r\ ɛ\ }
04.tex	231	\ipa{}	\UIPA{}
04.tex	232	\ipa{2}	\UIPA{ʌ}
04.tex	232	\ipa{@\ O\ a\ }	\UIPA{ə\ ɔ\ a\ }
04.tex	232	\ipa{u\ o\ U\ }	\UIPA{u\ o\ ʊ\ }
04.tex	233	\ipa{O}	\UIPA{ɔ}
04.tex	233	\ipa{o\ 5\ 2\ 8\ 7\ 6\ }	\UIPA{o\ ɐ\ ʌ\ ɵ\ ɤ\ ɒ\ }
04.tex	233	\ipa{@\ U\ \oe \ \super w\ }	\UIPA{ə\ ʊ\ œ\ ʷ\ }
04.tex	234	\ipa{\ae }	\UIPA{æ}
04.tex	234	\ipa{A\ Y\ E\ a\ e\ }	\UIPA{ɑ\ ʏ\ ɛ\ a\ e\ }
04.tex	234	\ipa{Q\ 6\ 5\ }	\UIPA{ʕ\ ɒ\ ɐ\ }
04.tex	235	\ipa{5}	\UIPA{ɐ}
04.tex	235	\ipa{O\ A\ a\ o\ U\ }	\UIPA{ɔ\ ɑ\ a\ o\ ʊ\ }
04.tex	235	\ipa{K\ -\ E\ \ae \ }	\UIPA{ʁ\ -\ ɛ\ æ\ }
04.tex	236	\ipa{a}	\UIPA{a}
04.tex	236	\ipa{6\ A\ 2\ 5\ Q\ \;H\ \ae \ @\ }	\UIPA{ɒ\ ɑ\ ʌ\ ɐ\ ʕ\ ʜ\ æ\ ə\ }
04.tex	236	\ipa{P\ \super h\ }	\UIPA{ʔ\ ʰ\ }
04.tex	237	\ipa{A}	\UIPA{ɑ}
04.tex	237	\ipa{6\ 5\ \ae \ a\ \_\ }	\UIPA{ɒ\ ɐ\ æ\ a\ _\ }
04.tex	237	\ipa{U\ 9\ @\ }	\UIPA{ʊ\ ɘ\ ə\ }
04.tex	238	\ipa{6}	\UIPA{ɒ}
04.tex	238	\ipa{a\ A\ o\ }	\UIPA{a\ ɑ\ o\ }
04.tex	238	\ipa{O\ 0\ \ae \ P\ }	\UIPA{ɔ\ ʉ\ æ\ ʔ\ }
04.tex	239	\ipa{\super h}	\UIPA{ʰ}
04.tex	239	\ipa{-\ ’\ }	\UIPA{-\ ʼ\ }
04.tex	239	\ipa{h\ }	\UIPA{h\ }
04.tex	240	\ipa{-\ \super h\ }	\UIPA{-\ ʰ\ }
04.tex	240	\ipa{\super P\ }	\UIPA{ˀ\ }
04.tex	241	\ipa{\super j}	\UIPA{ʲ}
04.tex	241	\ipa{P\ L\ i\ j\ -\ }	\UIPA{ʔ\ ʎ\ i\ j\ -\ }
04.tex	241	\ipa{C\ \textctz \ I\ }	\UIPA{ɕ\ ʑ\ ɪ\ }
04.tex	242	\ipa{\super w}	\UIPA{ʷ}
04.tex	242	\ipa{o\ v\ O\ }	\UIPA{o\ v\ ɔ\ }
04.tex	242	\ipa{-\ w\ }	\UIPA{-\ w\ }
04.tex	243	\ipa{\super P}	\UIPA{ˀ}
04.tex	243	\ipa{-\ }	\UIPA{-\ }
04.tex	243	\ipa{’\ }	\UIPA{ʼ\ }
04.tex	244	\ipa{\super G}	\UIPA{ˠ}
04.tex	244	\ipa{-\ }	\UIPA{-\ }
04.tex	244	\ipa{w\ o\ }	\UIPA{w\ o\ }
04.tex	245	\ipa{\super Q}	\UIPA{ˤ}
04.tex	245	\ipa{-\ }	\UIPA{-\ }
04.tex	245	\ipa{}	\UIPA{}
04.tex	246	\ipa{\textsuperimposetilde{}}	\UIPA{̴}
04.tex	246	\ipa{}	\UIPA{}
04.tex	247	\ipa{\~{}}	\UIPA{̃}
04.tex	247	\ipa{N\ n\ m\ M\ }	\UIPA{ŋ\ n\ m\ ɱ\ }
04.tex	247	\ipa{-\ }	\UIPA{-\ }
04.tex	259	\ipa{[friiz]}	\UIPA{[friiz]}
04.tex	259	\ipa{[g@fKiiK@n]}	\UIPA{[ɡəfʁiiʁən]}
04.tex	259	\ipa{[r]}	\UIPA{[r]}
04.tex	259	\ipa{[K]}	\UIPA{[ʁ]}
04.tex	259	\ipa{[z]}	\UIPA{[z]}
04.tex	259	\ipa{[K]}	\UIPA{[ʁ]}
04.tex	259	\ipa{[sINk]}	\UIPA{[sɪŋk]}
04.tex	259	\ipa{[sON]}	\UIPA{[sɔŋ]}
04.tex	270	\ipa{h@n}	\UIPA{hən}
04.tex	272	\ipa{f}	\UIPA{f}
04.tex	272	\ipa{E}	\UIPA{ɛ}
04.tex	272	\ipa{5}	\UIPA{ɐ}
04.tex	272	\ipa{g}	\UIPA{ɡ}
04.tex	272	\ipa{e}	\UIPA{e}
04.tex	272	\ipa{e}	\UIPA{e}
04.tex	272	\ipa{@}	\UIPA{ə}
04.tex	272	\ipa{@}	\UIPA{ə}
04.tex	272	\ipa{[E]}	\UIPA{[ɛ]}
04.tex	272	\ipa{[e:]}	\UIPA{[eː]}
04.tex	272	\ipa{n}	\UIPA{n}
04.tex	272	\ipa{a}	\UIPA{a}
04.tex	272	\ipa{b}	\UIPA{b}
04.tex	272	\ipa{a}	\UIPA{a}
04.tex	272	\ipa{\textcrh}	\UIPA{ħ}
04.tex	272	\ipa{a}	\UIPA{a}
04.tex	277	\ipa{[f]}	\UIPA{[f]}
04.tex	277	\ipa{[E]}	\UIPA{[ɛ]}
04.tex	277	\ipa{[5]}	\UIPA{[ɐ]}
04.tex	277	\ipa{[g]}	\UIPA{[ɡ]}
04.tex	277	\ipa{[e]}	\UIPA{[e]}
04.tex	277	\ipa{[e]}	\UIPA{[e]}
04.tex	277	\ipa{[@]}	\UIPA{[ə]}
04.tex	277	\ipa{[n]}	\UIPA{[n]}
04.tex	283	\ipa{[n]}	\UIPA{[n]}
04.tex	283	\ipa{[a]}	\UIPA{[a]}
04.tex	283	\ipa{[b]}	\UIPA{[b]}
04.tex	283	\ipa{[a]}	\UIPA{[a]}
04.tex	283	\ipa{[\textcrh]}	\UIPA{[ħ]}
04.tex	283	\ipa{[a]}	\UIPA{[a]}
04.tex	307	\ipa{[gee@n]}	\UIPA{[ɡeeən]}
04.tex	307	\ipa{[gee@n]}	\UIPA{[ɡeeən]}
04.tex	307	\ipa{gee}	\UIPA{ɡee}
04.tex	307	\ipa{gee@}	\UIPA{ɡeeə}
04.tex	307	\ipa{gee@n}	\UIPA{ɡeeən}
04.tex	307	\ipa{ee@n}	\UIPA{eeən}
04.tex	307	\ipa{e@n}	\UIPA{eən}
04.tex	307	\ipa{[g@U]}	\UIPA{[ɡəʊ]}
04.tex	321	\ipa{g}	\UIPA{ɡ}
04.tex	321	\ipa{[g]}	\UIPA{[ɡ]}
04.tex	321	\ipa{[g]}	\UIPA{[ɡ]}
04.tex	321	\ipa{[@]}	\UIPA{[ə]}
04.tex	321	\ipa{[@]}	\UIPA{[ə]}
04.tex	321	\ipa{[g]}	\UIPA{[ɡ]}
04.tex	321	\ipa{K}	\UIPA{ʁ}
04.tex	321	\ipa{z}	\UIPA{z}
04.tex	328	\ipa{g}	\UIPA{ɡ}
04.tex	328	\ipa{@}	\UIPA{ə}
04.tex	328	\ipa{f}	\UIPA{f}
04.tex	328	\ipa{K}	\UIPA{ʁ}
04.tex	328	\ipa{i}	\UIPA{i}
04.tex	328	\ipa{i}	\UIPA{i}
04.tex	328	\ipa{K}	\UIPA{ʁ}
04.tex	328	\ipa{@}	\UIPA{ə}
04.tex	328	\ipa{n}	\UIPA{n}
04.tex	329	\ipa{-}	\UIPA{-}
04.tex	329	\ipa{-}	\UIPA{-}
04.tex	329	\ipa{f}	\UIPA{f}
04.tex	329	\ipa{\*r}	\UIPA{ɹ}
04.tex	329	\ipa{i}	\UIPA{i}
04.tex	329	\ipa{i}	\UIPA{i}
04.tex	329	\ipa{z}	\UIPA{z}
04.tex	329	\ipa{-}	\UIPA{-}
04.tex	329	\ipa{-}	\UIPA{-}
04.tex	344	\ipa{[vEk@n]}	\UIPA{[vɛkən]}
04.tex	344	\ipa{[weIk]}	\UIPA{[weɪk]}
04.tex	345	\ipa{[bAk@n]}	\UIPA{[bɑkən]}
04.tex	345	\ipa{[beIk]}	\UIPA{[beɪk]}
04.tex	346	\ipa{[zE\t{ts}@n]}	\UIPA{[zɛt͡sən]}
04.tex	346	\ipa{[pleIs]}	\UIPA{[pleɪs]}
04.tex	347	\ipa{[fIS@n]}	\UIPA{[fɪʃən]}
04.tex	347	\ipa{[fIS]}	\UIPA{[fɪʃ]}
04.tex	348	\ipa{[fal@n]}	\UIPA{[falən]}
04.tex	348	\ipa{[fOOl]}	\UIPA{[fɔɔl]}
04.tex	350	\ipa{[fE5kaUf@n]}	\UIPA{[fɛɐkaʊfən]}
04.tex	350	\ipa{[sel]}	\UIPA{[sel]}
04.tex	351	\ipa{[fE5b@n]}	\UIPA{[fɛɐbən]}
04.tex	351	\ipa{[daI]}	\UIPA{[daɪ]}
04.tex	352	\ipa{[KaIniig@n]}	\UIPA{[ʁaɪniiɡən]}
04.tex	352	\ipa{[kliin]}	\UIPA{[kliin]}
04.tex	353	\ipa{[aIl@n]}	\UIPA{[aɪlən]}
04.tex	353	\ipa{[r2S]}	\UIPA{[rʌʃ]}
04.tex	354	\ipa{[\t{ts}uuh\o\o K@n]}	\UIPA{[t͡suuhøøʁən]}
04.tex	354	\ipa{[lIsn]}	\UIPA{[lɪsn]}
04.tex	368	\ipa{T}	\UIPA{θ}
04.tex	368	\ipa{a}	\UIPA{a}
04.tex	368	\ipa{l}	\UIPA{l}
04.tex	368	\ipa{-}	\UIPA{-}
04.tex	368	\ipa{\t{dZ}}	\UIPA{d͡ʒ}
04.tex	368	\ipa{T}	\UIPA{θ}
04.tex	369	\ipa{S}	\UIPA{ʃ}
04.tex	369	\ipa{E}	\UIPA{ɛ}
04.tex	369	\ipa{l}	\UIPA{l}
04.tex	369	\ipa{E}	\UIPA{ɛ}
04.tex	369	\ipa{g}	\UIPA{ɡ}
04.tex	385	\ipa{[saqaa]}	\UIPA{[saqaa]}
04.tex	385	\ipa{[hiSka]}	\UIPA{[hiʃka]}
04.tex	386	\ipa{[\textcrh asaba]}	\UIPA{[ħasaba]}
04.tex	386	\ipa{[XiSEv]}	\UIPA{[χiʃɛv]}
04.tex	387	\ipa{[saQala]}	\UIPA{[saʕala]}
04.tex	387	\ipa{[hiStaPEl]}	\UIPA{[hiʃtaʔɛl]}
04.tex	388	\ipa{[usbuuQ]}	\UIPA{[usbuuʕ]}
04.tex	388	\ipa{[SavuPa]}	\UIPA{[ʃavuʔa]}
04.tex	389	\ipa{[qariiban]}	\UIPA{[qariiban]}
04.tex	389	\ipa{[b@kaKov]}	\UIPA{[bəkaʁov]}
04.tex	391	\ipa{[ista\textcrh ama]}	\UIPA{[istaħama]}
04.tex	391	\ipa{[taval]}	\UIPA{[taval]}
04.tex	392	\ipa{[\textcrh asaaP]}	\UIPA{[ħasaaʔ]}
04.tex	392	\ipa{[maKak]}	\UIPA{[maʁak]}
04.tex	393	\ipa{[saqAt{\super Q}A]}	\UIPA{[saqɑtˤɑ]}
04.tex	393	\ipa{[nafal]}	\UIPA{[nafal]}
04.tex	394	\ipa{[\t{dZ}amaQa]}	\UIPA{[d͡ʒamaʕa]}
04.tex	394	\ipa{[asaf]}	\UIPA{[asaf]}
04.tex	395	\ipa{[SaaPa]}	\UIPA{[ʃaaʔa]}
04.tex	395	\ipa{[Ra\t{ts}a]}	\UIPA{[ɾat͡sa]}
04.tex	404	\ipa{[b]}	\UIPA{[b]}
04.tex	404	\ipa{[p]}	\UIPA{[p]}
04.tex	404	\ipa{[l]}	\UIPA{[l]}
04.tex	404	\ipa{[s]}	\UIPA{[s]}
04.tex	404	\ipa{[h]}	\UIPA{[h]}
04.tex	404	\ipa{[s]}	\UIPA{[s]}
04.tex	404	\ipa{[w]}	\UIPA{[w]}
04.tex	445	\ipa{[m]}	\UIPA{[m]}
04.tex	445	\ipa{[u]}	\UIPA{[u]}
04.tex	473	\ipa{[p]}	\UIPA{[p]}
04.tex	473	\ipa{[\t{pf}]}	\UIPA{[p͡f]}
04.tex	473	\ipa{[f]}	\UIPA{[f]}
04.tex	473	\ipa{[D]}	\UIPA{[ð]}
04.tex	473	\ipa{[d]}	\UIPA{[d]}
04.tex	473	\ipa{[t]}	\UIPA{[t]}
04.tex	473	\ipa{[\t{ts}]}	\UIPA{[t͡s]}
04.tex	473	\ipa{[s]}	\UIPA{[s]}
04.tex	473	\ipa{[z]}	\UIPA{[z]}
04.tex	473	\ipa{[s2n]}	\UIPA{[sʌn]}
04.tex	473	\ipa{[zOn@]}	\UIPA{[zɔnə]}
04.tex	473	\ipa{[v]}	\UIPA{[v]}
04.tex	473	\ipa{[b]}	\UIPA{[b]}
04.tex	473	\ipa{[gIv]}	\UIPA{[ɡɪv]}
04.tex	473	\ipa{[ge:b@n]}	\UIPA{[ɡeːbən]}
04.tex	473	\ipa{[w]}	\UIPA{[w]}
04.tex	473	\ipa{[v]}	\UIPA{[v]}
04.tex	474	\ipa{[wO:t@]}	\UIPA{[wɔːtə]}
04.tex	474	\ipa{[vas5]}	\UIPA{[vasɐ]}
04.tex	482	\ipa{[k]}	\UIPA{[k]}
04.tex	482	\ipa{[\t{ts}]}	\UIPA{[t͡s]}
04.tex	482	\ipa{[g]}	\UIPA{[ɡ]}
04.tex	482	\ipa{[\t{dz}]}	\UIPA{[d͡z]}
04.tex	482	\ipa{[V]}	\UIPA{[ʋ]}
04.tex	482	\ipa{[f]}	\UIPA{[f]}
04.tex	482	\ipa{[n]}	\UIPA{[n]}
04.tex	482	\ipa{[O]}	\UIPA{[ɔ]}
04.tex	482	\ipa{[5n]}	\UIPA{[ɐn]}
04.tex	482	\ipa{[uO]}	\UIPA{[uɔ]}
04.tex	490	\ipa{[E]}	\UIPA{[ɛ]}
04.tex	490	\ipa{[S]}	\UIPA{[ʃ]}
04.tex	490	\ipa{[n]}	\UIPA{[n]}
04.tex	490	\ipa{[c]}	\UIPA{[c]}
04.tex	490	\ipa{[n]}	\UIPA{[n]}
04.tex	490	\ipa{[c]}	\UIPA{[c]}
04.tex	491	\ipa{[cc]}	\UIPA{[cc]}
04.tex	491	\ipa{[n]}	\UIPA{[n]}
04.tex	491	\ipa{[c]}	\UIPA{[c]}
04.tex	499	\ipa{[k]}	\UIPA{[k]}
04.tex	499	\ipa{[h]}	\UIPA{[h]}
04.tex	499	\ipa{[p]}	\UIPA{[p]}
04.tex	499	\ipa{[f]}	\UIPA{[f]}
04.tex	499	\ipa{[E]}	\UIPA{[ɛ]}
04.tex	499	\ipa{[e]}	\UIPA{[e]}
04.tex	499	\ipa{[u]}	\UIPA{[u]}
04.tex	499	\ipa{[6]}	\UIPA{[ɒ]}
04.tex	500	\ipa{[\ae]}	\UIPA{[æ]}
04.tex	508	\ipa{[i]}	\UIPA{[i]}
04.tex	508	\ipa{[c]}	\UIPA{[c]}
04.tex	508	\ipa{[c]}	\UIPA{[c]}
04.tex	508	\ipa{[s]}	\UIPA{[s]}
04.tex	508	\ipa{[h]}	\UIPA{[h]}
04.tex	508	\ipa{[h]}	\UIPA{[h]}
04.tex	508	\ipa{[s]}	\UIPA{[s]}
04.tex	648	\ipa{[sOgdata]}	\UIPA{[sɔɡdata]}
04.tex	650	\ipa{[mulgogi]}	\UIPA{[mulɡoɡi]}
04.tex	652	\ipa{[balWk]}	\UIPA{[balɯk]}
04.tex	652	\ipa{[bal7k]}	\UIPA{[balɤk]}
04.tex	652	\ipa{[baliq]}	\UIPA{[baliq]}
04.tex	652	\ipa{[balWq]}	\UIPA{[balɯq]}
04.tex	652	\ipa{[pul@]}	\UIPA{[pulə]}
04.tex	653	\ipa{[bAlWg]}	\UIPA{[bɑlɯɡ]}
04.tex	653	\ipa{[bAl@q]}	\UIPA{[bɑləq]}
04.tex	653	\ipa{[baliq]}	\UIPA{[baliq]}
04.tex	653	\ipa{[balWk]}	\UIPA{[balɯk]}
04.tex	655	\ipa{[Anil]}	\UIPA{[ɑnil]}
04.tex	657	\ipa{[riba]}	\UIPA{[riba]}
04.tex	657	\ipa{[riba]}	\UIPA{[riba]}
04.tex	657	\ipa{[rIba]}	\UIPA{[rɪba]}
04.tex	657	\ipa{[R1ba]}	\UIPA{[ɾɨba]}
04.tex	657	\ipa{[rIbA]}	\UIPA{[rɪbɑ]}
04.tex	658	\ipa{[r1ba]}	\UIPA{[rɨba]}
04.tex	658	\ipa{[r1b@]}	\UIPA{[rɨbə]}
04.tex	658	\ipa{[riba]}	\UIPA{[riba]}
04.tex	658	\ipa{[riiba]}	\UIPA{[riiba]}
04.tex	660	\ipa{[arAjn]}	\UIPA{[arɑjn]}
04.tex	662	\ipa{[aalisaGaq]}	\UIPA{[aalisaɣaq]}
04.tex	662	\ipa{[al\super jKa]}	\UIPA{[alʲʁa]}
04.tex	664	\ipa{[ollo]}	\UIPA{[ollo]}
04.tex	666	\ipa{[dag]}	\UIPA{[daɡ]}
04.tex	668	\ipa{[pwasO\~{}]}	\UIPA{[pwasɔ̃]}
04.tex	668	\ipa{[p@sgOd]}	\UIPA{[pəsɡɔd]}
04.tex	670	\ipa{[ULd \super jiC]}	\UIPA{[ʊʎdʲiɕ]}
04.tex	672	\ipa{[m66hi]}	\UIPA{[mɒɒhi]}
04.tex	672	\ipa{[mAhaj]}	\UIPA{[mɑhaj]}
04.tex	672	\ipa{[m@tsj]}	\UIPA{[mətsj]}
04.tex	672	\ipa{[matsjam]}	\UIPA{[matsjam]}
04.tex	674	\ipa{[k@sag]}	\UIPA{[kəsaɡ]}
04.tex	674	\ipa{[pEsk]}	\UIPA{[pɛsk]}
04.tex	674	\ipa{[fIskYr]}	\UIPA{[fɪskʏr]}
04.tex	674	\ipa{[I@s\super Gk]}	\UIPA{[ɪəsˠk]}
04.tex	674	\ipa{[fIsk]}	\UIPA{[fɪsk]}
04.tex	675	\ipa{[pESk]}	\UIPA{[pɛʃk]}
04.tex	675	\ipa{[fesg]}	\UIPA{[fesɡ]}
04.tex	675	\ipa{[pIskIs]}	\UIPA{[pɪskɪs]}
04.tex	675	\ipa{[fIssk]}	\UIPA{[fɪssk]}
04.tex	677	\ipa{[ZUV\super jIs]}	\UIPA{[ʒʊʋʲɪs]}
04.tex	677	\ipa{[zifs]}	\UIPA{[zifs]}
04.tex	679	\ipa{[t\t{tS}uQa]}	\UIPA{[tt͡ʃuʕa]}
04.tex	681	\ipa{[besuro]}	\UIPA{[besuro]}
04.tex	683	\ipa{[m@\t{tS}\super hlii]}	\UIPA{[mət͡ʃʰlii]}
04.tex	683	\ipa{[ma\t{tS}\super h]}	\UIPA{[mat͡ʃʰ]}
04.tex	685	\ipa{[\t{dz}uk]}	\UIPA{[d͡zuk]}
04.tex	687	\ipa{[t\super hEvzi]}	\UIPA{[tʰɛvzi]}
04.tex	689	\ipa{[\t{tC}\super humO]}	\UIPA{[t͡ɕʰumɔ]}
04.tex	691	\ipa{[\t{tC}eri]}	\UIPA{[t͡ɕeri]}
04.tex	691	\ipa{[\t{tC}\super jeri]}	\UIPA{[t͡ɕʲeri]}
04.tex	691	\ipa{[\t{tS}’@r@]}	\UIPA{[t͡ʃʼərə]}
04.tex	691	\ipa{[\t{tC}eep2]}	\UIPA{[t͡ɕeepʌ]}
04.tex	691	\ipa{[\t{ts}ep]}	\UIPA{[t͡sep]}
04.tex	693	\ipa{[masi]}	\UIPA{[masi]}
04.tex	693	\ipa{[kari]}	\UIPA{[kari]}
04.tex	695	\ipa{[nimaxa]}	\UIPA{[nimaxa]}
04.tex	697	\ipa{[sakana]}	\UIPA{[sakana]}
04.tex	697	\ipa{[samak]}	\UIPA{[samak]}
04.tex	699	\ipa{[@nneen]}	\UIPA{[ənneen]}
04.tex	701	\ipa{[c\super ho]}	\UIPA{[cʰo]}
04.tex	701	\ipa{[y]}	\UIPA{[y]}
04.tex	703	\ipa{[Xul]}	\UIPA{[χul]}
04.tex	703	\ipa{[h6l]}	\UIPA{[hɒl]}
04.tex	703	\ipa{[kUOlli]}	\UIPA{[kʊɔlli]}
04.tex	703	\ipa{[kuuLL]}	\UIPA{[kuuʎʎ]}
04.tex	703	\ipa{[k0EliE]}	\UIPA{[kʉɛliɛ]}
04.tex	704	\ipa{[kol]}	\UIPA{[kol]}
04.tex	704	\ipa{[kal]}	\UIPA{[kal]}
04.tex	704	\ipa{[kol1]}	\UIPA{[kolɨ]}
04.tex	704	\ipa{[kAlA]}	\UIPA{[kɑlɑ]}
04.tex	704	\ipa{[kAlA]}	\UIPA{[kɑlɑ]}
04.tex	705	\ipa{[kAlA]}	\UIPA{[kɑlɑ]}
04.tex	705	\ipa{[q\ae l1]}	\UIPA{[qælɨ]}
04.tex	705	\ipa{[kAlA]}	\UIPA{[kɑlɑ]}
04.tex	705	\ipa{[gUuOllE]}	\UIPA{[ɡʊuɔllɛ]}
04.tex	705	\ipa{[xALA]}	\UIPA{[xɑʎɑ]}
04.tex	706	\ipa{[kal]}	\UIPA{[kal]}
04.tex	706	\ipa{[kAlA]}	\UIPA{[kɑlɑ]}
04.tex	706	\ipa{[kol]}	\UIPA{[kol]}
04.tex	706	\ipa{[kAlAA]}	\UIPA{[kɑlɑɑ]}
04.tex	706	\ipa{[kyeli]}	\UIPA{[kyeli]}
04.tex	707	\ipa{[Xu\textbeltl ]}	\UIPA{[χuɬ]}
04.tex	707	\ipa{[qAX]}	\UIPA{[qɑχ]}
04.tex	707	\ipa{[kuEll\super j9]}	\UIPA{[kuɛllʲɘ]}
04.tex	709	\ipa{[kab]}	\UIPA{[kab]}
04.tex	711	\ipa{[miinu]}	\UIPA{[miinu]}
04.tex	711	\ipa{[miin]}	\UIPA{[miin]}
04.tex	713	\ipa{[zagahaN]}	\UIPA{[zaɡahaŋ]}
04.tex	713	\ipa{[\t{ts}a\;Gas]}	\UIPA{[t͡saɢas]}
04.tex	713	\ipa{[\t{ts}a\textcrh s5n]}	\UIPA{[t͡saħsɐn]}
04.tex	715	\ipa{[\t{tC}or1g]}	\UIPA{[t͡ɕorɨɡ]}
04.tex	715	\ipa{[Ap\super hs1\t{dz}]}	\UIPA{[ɑpʰsɨd͡z]}
04.tex	717	\ipa{[@\textltailn \t{tS}]}	\UIPA{[əɲt͡ʃ]}
04.tex	719	\ipa{[fIS]}	\UIPA{[fɪʃ]}
04.tex	719	\ipa{[fIS]}	\UIPA{[fɪʃ]}
04.tex	719	\ipa{[vIs]}	\UIPA{[vɪs]}
04.tex	719	\ipa{[jiC]}	\UIPA{[jiɕ]}
04.tex	721	\ipa{[pejS@]}	\UIPA{[pejʃə]}
04.tex	721	\ipa{[pES]}	\UIPA{[pɛʃ]}
04.tex	721	\ipa{[peSSe]}	\UIPA{[peʃʃe]}
04.tex	721	\ipa{[peSte]}	\UIPA{[peʃte]}
04.tex	721	\ipa{[peT]}	\UIPA{[peθ]}
04.tex	723	\ipa{[\t{tS}awa\t{qX}]}	\UIPA{[t͡ʃawaq͡χ]}
04.tex	725	\ipa{[psari]}	\UIPA{[psari]}
04.tex	725	\ipa{[p\t{ts}a\:z@j]}	\UIPA{[pt͡saʐəj]}
04.tex	727	\ipa{[iqa\t{t\textbeltl}juk]}	\UIPA{[iqat͡ɬjuk]}
04.tex	729	\ipa{[Ked]}	\UIPA{[ʁed]}
04.tex	736	\ipa{[k]}	\UIPA{[k]}
04.tex	736	\ipa{[X]}	\UIPA{[χ]}
04.tex	736	\ipa{[h]}	\UIPA{[h]}
04.tex	736	\ipa{[qAX]}	\UIPA{[qɑχ]}
04.tex	736	\ipa{[iqa\t{t\textbeltl}juk]}	\UIPA{[iqat͡ɬjuk]}
04.tex	736	\ipa{*iqa{\textbeltl}uG}	\UIPA{*iqaɬuɣ}
04.tex	736	\ipa{[\t{tC}or1g]}	\UIPA{[t͡ɕorɨɡ]}
04.tex	737	\ipa{[\t{tS}’@r@]}	\UIPA{[t͡ʃʼərə]}
04.tex	737	\ipa{[\t{tC}eri]}	\UIPA{[t͡ɕeri]}
04.tex	739	\ipa{[sk]}	\UIPA{[sk]}
04.tex	739	\ipa{[S]}	\UIPA{[ʃ]}
04.tex	739	\ipa{[jiC]}	\UIPA{[jiɕ]}
04.tex	739	\ipa{[S]}	\UIPA{[ʃ]}
04.tex	739	\ipa{[p]}	\UIPA{[p]}
04.tex	739	\ipa{[f]}	\UIPA{[f]}
04.tex	739	\ipa{[p@sgOd]}	\UIPA{[pəsɡɔd]}
04.tex	740	\ipa{[I@s\super Gk]}	\UIPA{[ɪəsˠk]}
04.tex	742	\ipa{[tsj]}	\UIPA{[tsj]}
04.tex	742	\ipa{[\t{tS}\super h]}	\UIPA{[t͡ʃʰ]}
04.tex	742	\ipa{[kab]}	\UIPA{[kab]}
04.tex	742	\ipa{[k@sag]}	\UIPA{[kəsaɡ]}
04.tex	747	\ipa{[p\t{ts}a\:z@j]}	\UIPA{[pt͡saʐəj]}
04.tex	747	\ipa{[Ap\super hs1\t{dz}]}	\UIPA{[ɑpʰsɨd͡z]}
04.tex	747	\ipa{[besuro]}	\UIPA{[besuro]}
04.tex	749	\ipa{[@nneen]}	\UIPA{[ənneen]}
04.tex	749	\ipa{[@\textltailn \t{tS}]}	\UIPA{[əɲt͡ʃ]}
04.tex	749	\ipa{@nn@}	\UIPA{ənnə}
04.tex	749	\ipa{[al\super jKa]}	\UIPA{[alʲʁa]}
04.tex	749	\ipa{[aalisaGaq]}	\UIPA{[aalisaɣaq]}
04.tex	749	\ipa{aGula}	\UIPA{aɣula}
04.tex	749	\ipa{ol\super joG@}	\UIPA{olʲoɣə}
